;;;;;;
;;;;;;
;;;;;;
;;;TABLA DE CLASES Y CATEGORÍAS DE JAPÓN ;;;
;;;;;;
;;;;Clase;Descripción;CatG
;;;;;;
;;;SERIE;Clase art;Descripcion extra;CATG
;;;FGA;58;FILTRO INDUSTRIAL;192
;;;FGB;58;FILTRO INDUSTRIAL;192
;;;FGC;58;FILTRO INDUSTRIAL;192
;;;FGD;58;FILTRO INDUSTRIAL;192
;;;FGE;58;FILTRO INDUSTRIAL;192
;;;FGF;58;FILTRO INDUSTRIAL;192
;;;FGG;58;FILTRO INDUSTRIAL;192
;;;FGH;58;FILTRO INDUSTRIAL;192
;;;FGWS;58;FILTRO INDUSTRIAL;192
;;;ADP;58;FILTRO INDUSTRIAL;192
;;;FHW;58;FILTRO INDUSTRIAL;192
;;;FN;58;FILTRO INDUSTRIAL;192
;;;FQ;58;FILTRO INDUSTRIAL;192
;;;FZ;58;FILTRO INDUSTRIAL;192
;;;BC;57;ELEMENTO FILTRANTE;191
;;;SUS;57;ELEMENTO FILTRANTE;191
;;;SP;57;ELEMENTO FILTRANTE;191
;;;7B;57;ELEMENTO FILTRANTE;191
;;;12B;57;ELEMENTO FILTRANTE;191
;;;EC;57;ELEMENTO FILTRANTE;191
;;;ED;57;ELEMENTO FILTRANTE;191
;;;EH;57;ELEMENTO FILTRANTE;191
;;;EJ;57;ELEMENTO FILTRANTE;191
;;;EL;57;ELEMENTO FILTRANTE;191
;;;EM;57;ELEMENTO FILTRANTE;191
;;;EN;57;ELEMENTO FILTRANTE;191
;;;EP;57;ELEMENTO FILTRANTE;191
;;;EHK;57;ELEMENTO FILTRANTE;191
;;;EHM;57;ELEMENTO FILTRANTE;191
;;;EHR;57;ELEMENTO FILTRANTE;191
;;;EBKX;57;ELEMENTO FILTRANTE;191
;;;ELXN;57;ELEMENTO FILTRANTE;191
;;;ESK;57;SILENCIADOR;191
;;;ESKA;57;SILENCIADOR;191
;;;ESKB;57;SILENCIADOR;191
;;;ESKD;57;SILENCIADOR;191
;;;ESKE;57;SILENCIADOR;191
;;;ESKG;57;SILENCIADOR;191
;;;FH;56;FILTRO HIDRAULICO;182
;;;FHB;56;FILTRO HIDRAULICO;182
;;;FHG;56;FILTRO HIDRAULICO;182
;;;FHI;56;FILTRO HIDRAULICO;182
;;;FHM;56;FILTRO HIDRAULICO;182
;;;FHZ;56;FILTRO HIDRAULICO;182
;;;HEP;56;FILTRO HIDRAULICO;182
;;;HOW;56;ENFRIADOR DE ACEITE;182
;;;HOWF;56;ENFRIADOR DE ACEITE;182
;;;CHA;55;CILINDRO HIDRAULICO;181
;;;CH2E;55;CILINDRO HIDRAULICO;181
;;;CH2F;55;CILINDRO HIDRAULICO;181
;;;CH2G;55;CILINDRO HIDRAULICO;181
;;;CH2H;55;CILINDRO HIDRAULICO;181
;;;CHK;55;CILINDRO HIDRAULICO;181
;;;CHM;55;CILINDRO HIDRAULICO;181
;;;CHQ;55;CILINDRO HIDRAULICO;181
;;;CHQH;55;CILINDRO HIDRAULICO;181
;;;HCO1;55;CILINDRO HIDRAULICO;181
;;;HCO2;55;CILINDRO HIDRAULICO;181
;;;HCO3;55;CILINDRO HIDRAULICO;181
;;;HAA;54;POST ENFRIADOR;174
;;;HAW;54;POST ENFRIADOR;174
;;;HEA;53;THERMO CHILLER ;173
;;;HEC;53;THERMO CHILLER ;173
;;;HED;53;THERMO CHILLER ;173
;;;HRS;53;THERMO CHILLER ;173
;;;HRZ;53;THERMO CHILLER ;173
;;;HRG;52;THERMO CHILLER ;172
;;;HRD;52;THERMO CHILLER ;172
;;;HRL;52;THERMO CHILLER ;172
;;;HRW;52;THERMO CHILLER ;172
;;;INR;52;THERMO CHILLER ;172
;;;ID;51;SECADOR REGENERATIVO;171
;;;IDG;51;SECADOR DE MEMBRANA;171
;;;IDF;51;SECADOR REFRIGERATIVO;171
;;;IDU;51;SECADOR REFRIGERATIVO;171
;;;XLA;50;VALVULA PARA ALTO VACIO;163
;;;XLC;50;VALVULA PARA ALTO VACIO;163
;;;XLD;50;VALVULA PARA ALTO VACIO;163
;;;XLH;50;VALVULA PARA ALTO VACIO;163
;;;XLF;50;VALVULA PARA ALTO VACIO;163
;;;XLG;50;VALVULA PARA ALTO VACIO;163
;;;XLS;50;VALVULA PARA ALTO VACIO;163
;;;XLV;50;VALVULA PARA ALTO VACIO;163
;;;XM;50;VALVULA PARA ALTO VACIO;163
;;;XSA;50;VALVULA PARA ALTO VACIO;163
;;;XY;50;VALVULA PARA ALTO VACIO;163
;;;XZ;50;VALVULA PARA ALTO VACIO;163
;;;ZFA;49;FILTRO PARA VACIO;162
;;;ZFB;49;FILTRO PARA VACIO;162
;;;ZFC;49;FILTRO PARA VACIO;162
;;;T1403;49;REGULADOR PARA VACIO;162
;;;T203;49;REGULADOR PARA VACIO;162
;;;EVS7-6-FG-D-3CVO;49;SENSOR DIGITAL PARA VACIO;162
;;;ZSM;49;SENSOR PARA VACIO;162
;;;ZSP;49;SENSOR PARA VACIO;162
;;;PS;49;SENSOR PARA VACIO;162
;;;PSE;49;SENSOR PARA VACIO;162
;;;ZP;49;VENTOSA;162
;;;INO;49;VENTOSA;162
;;;IZE11;49;SENSOR DIGITAL PARA VACIO;162
;;;GZ;49;MANOMETRO PARA VACIO;162
;;;ZA;48;GENERADOR DE VACIO;161
;;;ZH;48;GENERADOR DE VACIO;161
;;;ZL;48;GENERADOR DE VACIO;161
;;;ZM;48;GENERADOR DE VACIO;161
;;;ZQ;48;GENERADOR DE VACIO;161
;;;ZR;48;GENERADOR DE VACIO;161
;;;ZU;48;GENERADOR DE VACIO;161
;;;ZX;48;GENERADOR DE VACIO;161
;;;ZYX;48;GENERADOR DE VACIO;161
;;;ZYY;48;GENERADOR DE VACIO;161
;;;ZZYY3;48;MANIFOLD;161
;;;AFF;47;FILTRO LINEAL PRINCIPAL;153
;;;SR;47;REGULADOR DE PRESION;153
;;;SRF;47;REGULADOR DE PRESION;153
;;;SRH;47;REGULADOR ACERO INOXIDABLE;153
;;;SRP;47;REGULADOR DE PRESION;153
;;;ALIM;47;UNIDAD DE LUBRICACION;153
;;;ALIP;47;UNIDAD DE LUBRICACION;153
;;;LF;47;SWITCH DE FLUJO;153
;;;;47;MANIFOLD P/BOQUILLAS;153
;;;LMU;47;UNIDAD DE LUBRICACION;153
;;;LMV;47;UNIDAD DE LUBRICACION;153
;;;AN;47;SILENCIADOR;153
;;;ANA;47;SILENCIADOR;153
;;;ANB;47;SILENCIADOR;153
;;;ALB;47;UNIDAD DE LUBRICACION;153
;;;ALD;47;UNIDAD DE LUBRICACION;153
;;;ALDU;47;UNIDAD DE LUBRICACION;153
;;;VBA;47;AMPLIFICADOR DE PRESION;153
;;;VBAT;47;TANQUE DE AIRE;153
;;;AT;47;TANQUE DE AIRE;153
;;;SFA;47;FILTRO PARA GASES LIMPIOS;153
;;;SFB;47;FILTRO PARA GASES LIMPIOS;153
;;;SFC;47;FILTRO PARA GASES LIMPIOS;153
;;;SFD;47;FILTRO PARA GASES LIMPIOS;153
;;;WI;47;INDICADOR OPTICO;153
;;;WR;47;REGULADOR DE AGUA;153
;;;IZD;47;SENSOR PARA IONIZADOR;153
;;;IZE;47;SENSOR PARA IONIZADOR;153
;;;IZH;47;SENSOR PARA IONIZADOR;153
;;;IZN;47;IONIZADOR TIPO CASETTE;153
;;;IZS;47;IONIZADOR TIPO BARRA;153
;;;IZF;47;INOZADOR TIPO VENTILADOR;153
;;;VCHN;47;SILENCIADOR PARA ALTO VACIO;153
;;;AQ;46;VALVULA ESCAPE RAPIDO;152
;;;AS;46;REGULADOR DE CAUDAL;152
;;;ASD;46;REGULADOR DE CAUDAL;152
;;;ASG;46;REGULADOR DE FLUJO;152
;;;ASN;46;SILENCIADOR CON REGULADOR;152
;;;ASP;46;REGULADOR CON CHECK POLOTEADA;152
;;;ASV;46;REGULADOR CON SILENCIADOR;152
;;;TMH;46;PORTA REGULADOR DE CAUDAL;152
;;;ASQ;46;REGULADOR DE CAUDAL;152
;;;ASR;46;REGULADOR DE CAUDAL;152
;;;ASS;46;REGULADOR DE CAUDAL;152
;;;AC;45;UNIDAD DE MANTENIMIENTO FRL;151
;;;AU;45;UNIDAD DE MANTENIMIENTO FRL;151
;;;AW;45;FILTRO REGULADOR;151
;;;AWL;45;FILTRO REGULADOR;151
;;;G;45;MANOMETRO;151
;;;AL;44;LUBRICADOR;150
;;;ALF;44;LUBRICADOR;150
;;;ALT;44;TANQUE PARA LUBRICADOR;150
;;;AMR;43;REGULADOR DE PRESION;149
;;;AP;43;REGULADOR DE PRESION;149
;;;APV;43;REGULADOR DE PRESION;149
;;;AR;43;REGULADOR DE PRESION;149
;;;ARB;43;REGULADOR DE PRESION;149
;;;ARG;43;REGULADOR DE PRESION;149
;;;ARJ;43;REGULADOR DE PRESION;149
;;;ARM;43;REGULADOR DE PRESION;149
;;;ARP;43;REGULADOR DE PRESION;149
;;;ARX;43;REGULADOR DE PRESION;149
;;;XT13;43;REGULADOR DE PRESION;149
;;;XTO;43;CHECK PILOTEADA;149
;;;IR;43;REGULADOR DE PRESICION;149
;;;IRV;43;REGULADOR DE PRESICIÓN P/VACIO;149
;;;IW;43;FILTRO REGULADOR;149
;;;VCHR;43;REGULADOR PARA ALTO VACIO;149
;;;AF;42;FILTRO DE AIRE;148
;;;AFD;42;FILTRO MICRONICO DE AIRE;148
;;;AFM;42;FILTRO SUB MICRONICO DE AIRE;148
;;;AD;42;PURGA AUTOMATICA;148
;;;ADH;42;PURGA AUTOMATICA;148
;;;ADM;42;PURGA AUTOMATICA;148
;;;AWD;42;FILTRO REGULADOR;148
;;;AWM;42;FILTRO REGULADOR;148
;;;AM;42;FILTRO MICRONICO DE LINEA;148
;;;AMC;42;FILTRO RECOLECTOR DE ACEITE;148
;;;AMD;42;FILTRO SUB MICRONICO DE LINEA;148
;;;AME;42;FILTRO PARA MICRO NIEBLA;148
;;;AMF;42;FILTRO SEPARADOR DE AIRE;148
;;;AMG;42;SEPARADOR DE AGUA;148
;;;AMH;42;FILTRO CON PRE FILTRO DE LINEA;148
;;;AMJ;42;SEPARADOR D/CONDENSADO P/VACIO;148
;;;AMP;42;FILTRO DE DESFOGUE LIMPIO;148
;;;AMV;42;FILTRO DE AIRE;148
;;;IF;41;SENSOR DE FLUJO;147
;;;IFA;41;SENSOR DE FLUJO;147
;;;IFW;41;SENSOR DE FLUJO;147
;;;PF;41;SENSOR DE FLUJO;147
;;;PFM;41;SENSOR DE FLUJO;147
;;;PPA;41;MANOMETRO COMPACTO;147
;;;IS1;41;SENSOR DE PRESION;147
;;;IS3;41;SENSOR DE PRESION;147
;;;IS27;41;SENSOR DE PRESION;147
;;;IS4;41;SENSOR DE PRESION;147
;;;ISA;41;SENSOR DE PRESENCIA;147
;;;ISC;41;SENSOR DE PRESION;147
;;;ISE;41;SENSOR DE PRESION;147
;;;ISG;41;PRESOSTATO MECANICO;147
;;;IL100;41;AMPLIFICADOR DE CAUDAL;147
;;;IL2;41;VALVULA DE BLOQUEO;147
;;;IT;40;TRANSDUCTOR ELECTRONEUMATICO;146
;;;ITV;40;TRANSDUCTOR ELECTRONEUMATICO;146
;;;IP;39;POSICIONADOR;145
;;;IM;38;MANIFOLD DE VALVULAS;144
;;;T;37;MANGUERA DE NYLON;143
;;;TA;37;MANGUERA ANTIESTATICA;143
;;;TIA;37;MANGUERA ANTIESTATICA;143
;;;TISA;37;MANGUERA DE NYLON SUAVE;143
;;;TCU;37;MANGUERA EN ESPIRAL;143
;;;TD;37;MANGUERA FLUOROPOLIMERO SUAVE;143
;;;TID;37;MANGUERA FLUOROPOLIMERO SUAVE;143
;;;TFU;37;MANGUERA DE POLIURETANO;143
;;;TG;37;LIBERADOR DE MANGUERA;143
;;;TU;37;MANGUERA DE POLIURETANO;143
;;;TUH;37;MANGUERA DE POLIURETANO DURO;143
;;;TIUB;37;MANGUERA DE POLIURETANO;143
;;;TUS;37;MANGUERA DE POLIURETANO SUAVE;143
;;;TM;37;PORTA MANGUERA;143
;;;TMA;37;PORTA MANGUERA;143
;;;TMB;37;PORTA MANGUERA;143
;;;TH;37;MANGUERA FLUOROPOLIMERO FEP;143
;;;TK;37;CORTADOR DE MANGUERA;143
;;;TL;37;MANGUERA FLUOROPOLIMERO;143
;;;TRB;37;MANGUERA DE DOBLE CAPA FR;143
;;;TRS;37;MANGUERA DE NYLON SUAVE FR;143
;;;TS;37;MANGUERA DE NYLON SUAVE;143
;;;TW;37;MANGUERA DOBLE INTERNA;143
;;;TB;37;STAND PARA MANGUERA;143
;;;TP;37;MANGUERA DE POLIOLEFIN SUAVE;143
;;;DE;36;CONEXIÓN METALICA;142
;;;DEF;36;CONEXIÓN METALICA;142
;;;DHF;36;CONEXIÓN METALICA;142
;;;DL;36;CONEXIÓN METALICA;142
;;;DP;36;CONEXIÓN METALICA;142
;;;DT;36;CONEXIÓN METALICA;142
;;;DY;36;CONEXIÓN METALICA;142
;;;LQ;36;CONEXIÓN PARA FLUIDOS;142
;;;KF;36;CONEXIÓN ACERO INOXIDABLE;142
;;;H;36;CONEXIÓN METALICA;142
;;;L;36;CONEXIÓN METALICA;142
;;;KDM;36;MULTICONECTOR;142
;;;DM;36;MULTICONECTOR;142
;;;DMK;36;MULTICONECTOR;142
;;;M;36;CONEXIÓN MINIATURA;142
;;;MS;36;CONEXIÓN MINIATURA;142
;;;VCK;36;CONEXIÓN PARA PINTURA;142
;;;IQ;35;CONEXIÓN RAPIDA *****;141
;;;KQ;35;CONEXIÓN RAPIDA *****;141
;;;KQ2;35;CONEXIÓN RAPIDA *****;141
;;;KQB;35;CONEXIÓN RAPIDA METALICA;141
;;;KQG;35;CONEXIÓN RAPIDA DE ACERO INOX;141
;;;KA;35;CONEXIÓN RAPIDA ANTIESTATICA;141
;;;KB;35;CONEXIÓN RAPIDA MODULAR;141
;;;KC;35;CONEXIÓN RAPIDA CHECK;141
;;;KE;35;CONEXIÓN RAPIDA *****;141
;;;KG;35;CONEXIÓN RAPIDA DE ACERO INOX;141
;;;KJ;35;CONEXIÓN RAPIDA *****;141
;;;KK;35;CONEXIÓN TIPO ESPIGA;141
;;;KK13;35;CONEXIÓN TIPO ESPIGA;141
;;;KK4;35;CONEXIÓN TIPO ESPIGA;141
;;;KKH;35;CONEXIÓN TIPO ESPIGA;141
;;;KM;35;MULTICONECTOR;141
;;;KN;35;CONEXIÓN TIPO BOQUILLA;141
;;;KP;35;CONEXIÓN RAPIDA LIMPIA;141
;;;KR;35;CONEXIÓN RAPIDA ANTICHISPA;141
;;;KS;35;CONEXIÓN RAPIDA ROTATIVA;141
;;;KV;35;CONEXIÓN RAPIDA DOT/SAE;141
;;;KV2;35;CONEXIÓN RAPIDA DOT/SAE;141
;;;KW;35;CONEXIÓN COAXIAL;141
;;;KX;35;CONEXIÓN RAPIDA ROTATIVA;141
;;;IN-28;35;CONEXIÓN *****;141
;;;IN-30;35;CONEXIÓN *****;141
;;;IN-33;35;CONEXIÓN *****;141
;;;IN-35;35;CONEXIÓN *****;141
;;;IN-54;35;CONEXIÓN *****;141
;;;LA;34;ACTUADOR ELECTRICO;138
;;;LC;34;ACTUADOR ELECTRICO;138
;;;LZ;34;ACTUADOR ELECTRICO;138
;;;LG;34;ACTUADOR ELECTRICO;138
;;;LJ;34;ACTUADOR ELECTRICO;138
;;;LE;34;ACTUADOR ELECTRICO;138
;;;LX;34;ACTUADOR ELECTRICO;138
;;;LTF;34;ACTUADOR ELECTRICO;138
;;;MRQ;33;ACTUADOR ROTATIVO NEUMATICO;137
;;;MRHQ;33;ACTUADOR ROTATIVO NEUMATICO;137
;;;CC;33;UNIDAD HIDRONEUMATICA;137
;;;CCT;33;CONVERTIDOR P/UNIDAD HIDRONEUM;137
;;;CCVL;33;VALVULA P/UNIDAD HIDRONEUM;137
;;;CCVS;33;VALVULA P/UNIDAD HIDRONEUM;137
;;;XT316;33;CILINDRO DE IMPACTO;137
;;;JA;33;JUNTA FLOTANTE;137
;;;JB;33;JUNTA FLOTANTE;137
;;;D;33;SENSOR PARA CILINDRO;137
;;;RB;32;AMORTIGUADOR;136
;;;RBL;32;AMORTIGUADOR;136
;;;RBQ;32;AMORTIGUADOR;136
;;;RJ;32;AMORTIGUADOR;136
;;;MXF;31;MESA DESLIZANTE NEUMATICA;135
;;;MXH;31;MESA DESLIZANTE NEUMATICA;135
;;;MXJ;31;MESA DESLIZANTE NEUMATICA;135
;;;MXP;31;MESA DESLIZANTE NEUMATICA;135
;;;MXQ;31;MESA DESLIZANTE NEUMATICA;135
;;;MXS;31;MESA DESLIZANTE NEUMATICA;135
;;;MXU;31;MESA DESLIZANTE NEUMATICA;135
;;;MXW;31;MESA DESLIZANTE NEUMATICA;135
;;;MXY;31;MESA DESLIZANTE NEUMATICA;135
;;;MA;30;PINZAS NEUMATICAS;134
;;;MHC;30;PINZAS NEUMATICAS;134
;;;MHF;30;PINZAS NEUMATICAS;134
;;;MHK;30;PINZAS NEUMATICAS;134
;;;MHL;30;PINZAS NEUMATICAS;134
;;;MHP;30;PINZAS NEUMATICAS;134
;;;MHQ;30;PINZAS NEUMATICAS;134
;;;MHR;30;PINZAS NEUMATICAS;134
;;;MHS;30;PINZAS NEUMATICAS;134
;;;MHT;30;PINZAS NEUMATICAS;134
;;;MHW;30;PINZAS NEUMATICAS;134
;;;MHY;30;PINZAS NEUMATICAS;134
;;;MHZ;30;PINZAS NEUMATICAS;134
;;;MIS;30;PINZAS NEUMATICAS;134
;;;MIW;30;PINZAS NEUMATICAS;134
;;;ML1;29;UNIDAD DESLIZANTE C/BLOQUEO;133
;;;ML2;29;UNIDAD DESLIZANTE C/BLOQUEO;133
;;;MY1;29;UNIDAD DESLIZANTE MECANICA;133
;;;MY2;29;UNIDAD DESLIZANTE MECANICA;133
;;;MY3;29;UNIDAD DESLIZANTE MECANICA;133
;;;E-MY;29;UNIDAD DESLIZANTE ELECTRICA;133
;;;CRA1;28;ACTUADOR ROTATIVO;132
;;;CRB1;28;ACTUADOR ROTATIVO COMPACTO;132
;;;CRBUW;28;ACTUADOR ROTATIVO COMPACTO;132
;;;CRJ;28;ACTUADOR ROTATIVO COMPACTO;132
;;;CRQ;28;ACTUADOR ROTATIVO COMPACTO;132
;;;CRS;28;ACTUADOR ROTATIVO;132
;;;MSQ;28;MESA ROTATIVA;132
;;;MSU;28;ACTUADOR ROTATIVO;132
;;;MSZ;28;ACTUADOR ROTATIVO;132
;;;CE;27;CILINDRO C/LECTOR DE CARRERA;131
;;;CKQ;27;CILINDRO NEUMATICO CLAMPEO;131
;;;CKZ;27;CILINDRO NEUMATICO CLAMPEO;131
;;;CKZT;27;CILINDRO NEUMATICO CLAMPEO;131
;;;CKZ2;27;CILINDRO NEUMATICO CLAMPEO;131
;;;CLK;27;CILINDRO NEUMATICO CLAMPEO;131
;;;CU;27;CILINDRO NEUMA LIBRE MONTAJE;131
;;;CUJ;27;CILINDRO NEUMA LIBRE MONTAJE;131
;;;ZCU;27;CILINDRO NEUMATICO P/VACIO;131
;;;MK;27;CILINDRO NEUMATICO CLAMPEO;131
;;;MTS;27;CILINDRO NEUMATICO;131
;;;MU;27;CILINDRO NEUMA LIBRE MONTAJE;131
;;;MLU;27;CILINDRO NEUMATICO C/FRENO;131
;;;MQM;27;CILINDRO NEUMATICO ENGARGOLADO;131
;;;MQP;27;CILINDRO NEUMATICO COMPACTO;131
;;;MQQ;27;CILINDRO NEUMATICO COMPACTO;131
;;;MQR;27;JUNTA ROTATIVA;131
;;;MGC;26;CILINDRO NEUMATICO GUIADO;130
;;;MLGC;26;CILINDRO NEUMATICO GUIADO;130
;;;MGF;26;CILINDRO NEUMATICO GUIADO;130
;;;MGG;26;CILINDRO NEUMATICO GUIADO;130
;;;MGJ;26;CILINDRO NEUMATICO GUIADO;130
;;;MGP;26;CILINDRO NEUMATICO GUIADO;130
;;;MLGP;26;CILINDRO NEUMATICO GUIADO;130
;;;MGQ;26;CILINDRO NEUMATICO GUIADO;130
;;;MVGQ;26;CILINDRO NEUMATICO GUIADO;130
;;;MGT;26;CILINDRO NEUMATICO GUIADO;130
;;;MGZ;26;CILINDRO NEUMATICO GUIADO;130
;;;HYG;26;CILINDRO NEUMATICO HIGIENICO;130
;;;CX2;25;CILINDRO DE VASTAGOS PARALELOS;129
;;;CXS;25;CILINDRO DE VASTAGOS PARALELOS;129
;;;CXSJ;25;CILINDRO DE VASTAGOS PARALELOS;129
;;;CXSW;25;CILINDRO DE VASTAGOS PARALELOS;129
;;;CXT;25;CILINDRO DE VASTAGOS PARALELOS;129
;;;CXW;25;CILINDRO DE VASTAGOS PARALELOS;129
;;;CBX2;25;CILINDRO CON BLOQUEO;129
;;;CY1;24;UNIDAD DESLIZANTE MAGNETICA;128
;;;CY3;24;UNIDAD DESLIZANTE MAGNETICA;128
;;;CYP;24;UNIDAD DESLIZANTE MAGNETICA;128
;;;CYV;24;UNIDAD DESLIZANTE MAGNETICA;128
;;;MF;24;UNIDAD DESLIZANTE MAGNETICA;128
;;;REA;24;UNIDAD DESLIZANTE MAGNETICA;128
;;;REB;24;UNIDAD DESLIZANTE MAGNETICA;128
;;;REC;24;CILINDRO DE ALTA VELOCIDAD;128
;;;RSA;23;CILINDRO NEUMATICO STOPPER;127
;;;RSG;23;CILINDRO NEUMATICO STOPPER;127
;;;RSH;23;CILINDRO NEUMATICO STOPPER;127
;;;RSQ;23;CILINDRO NEUMATICO STOPPER;127
;;;RS1H;23;CILINDRO NEUMATICO STOPPER;127
;;;CQ2;22;CILINDRO NEUMATICO COMPACTO;126
;;;CBQ;22;CILINDRO NEUMATICO COMPACTO;126
;;;CLQ;22;CILINDRO NEUMATICO CON FRENO;126
;;;CQM;22;CILINDRO NEUMATICO COMPACTO;126
;;;CQS;22;CILINDRO NEUMATICO COMPACTO;126
;;;CQU;22;CILINDRO NEUMATICO COMPACTO;126
;;;NCQ8;22;CILINDRO NEUMATICO COMPACTO;126
;;;HYQ;22;CILINDRO NEUMATICO COMPACTO;126
;;;RQ;22;CILINDRO NEUMATICO STOPPER;126
;;;RLQ;22;CILINDRO NEUMATICO CON FRENO;126
;;;RZQ;22;CILINDRO NEUMATICO COMPACTO;126
;;;C55;22;CILINDRO NEUMATICO COMPACTO;126
;;;CVQ;22;CILINDRO NEUMATICO C/VALVULA;126
;;;C96;20;CILINDRO NEUMATICO ATIRANTADO;124
;;;ACNL;21;CILINDRO NEUMATICO ATIRANTADO;125
;;;CL1;21;CILINDRO NEUMATICO CON FRENO;125
;;;CS1;21;CILINDRO NEUMATICO ATIRANTADO;125
;;;CS1P;21;CILINDRO NEUMA C/POSICIONADOR;125
;;;CS2;21;CILINDRO NEUMATICO ATIRANTADO;125
;;;CPS1;21;CILINDRO NEUMATICO ATIRANTADO;125
;;;CLS;21;CILINDRO NEUMATICO CON FRENO;125
;;;CNS;21;CILINDRO NEUMATICO CON FRENO;125
;;;ACNL;20;CILINDRO NEUMATICO ATIRANTADO;124
;;;CL1;20;CILINDRO NEUMATICO CON FRENO;124
;;;CA2;20;CILINDRO NEUMATICO ATIRANTADO;124
;;;CBA;20;CILINDRO NEUMATICO C/BLOQUEO;124
;;;CFA;20;CILINDRO NEUMATICO ATIRANTADO;124
;;;CLA;20;CILINDRO NEUMATICO CON FRENO;124
;;;CNA;20;CILINDRO NEUMATICO CON FRENO;124
;;;CPA;20;CILINDRO NEUMA C/POSICIONADOR;124
;;;CV3;20;CILINDRO NEUMATICO C/VALVULA;124
;;;CVA;20;CILINDRO NEUMATICO C/VALVULA;124
;;;CVP;20;CILINDRO NEUMATICO C/VALVULA;124
;;;CVS;20;CILINDRO NEUMATICO C/VALVULA;124
;;;MB;20;CILINDRO NEUMATICO ATIRANTADO;124
;;;MNB;20;CILINDRO NEUMATICO CON FRENO;124
;;;MB1;20;CILINDRO NEUMATICO ATIRANTADO;124
;;;NCA;20;CILINDRO NEUMATICO ATIRANTADO;124
;;;C92;20;CILINDRO NEUMATICO ATIRANTADO;124
;;;C96;21;CILINDRO NEUMATICO ATIRANTADO;125
;;;CP96;20;CILINDRO NEUMATICO ATIRANTADO;124
;;;HYC;20;CILINDRO NEUMATICO HIGIENICO;124
;;;CG1;19;CILINDRO NEUMATICO ROSCADO;123
;;;CG5;19;CILINDRO NEUMATICO ROSCADO;123
;;;CLG;19;CILINDRO NEUMATICO CON FRENO;123
;;;CBG;19;CILINDRO NEUMATICO C/BLOQUEO;123
;;;CNG;19;CILINDRO NEUMATICO CON FRENO;123
;;;RHC;19;CILINDRO NEUMATICO;123
;;;HYB;19;CILINDRO NEUMATICO HIGIENICO;123
;;;CM2;18;CILINDRO NEUMATICO ENGARGOLADO;122
;;;CMS;18;CILINDRO NEUMATICO ENGARGOLADO;122
;;;CBM2;18;CILINDRO NEUMATICO ENGARGOLADO;122
;;;CLM2;18;CILINDRO NEUMATICO CON FRENO;122
;;;CM;18;CILINDRO NEUMATICO ENGARGOLADO;122
;;;CLM;18;CILINDRO NEUMATICO CON FRENO;122
;;;CVM3;18;CILINDRO NEUMATICO CON VALVULA;122
;;;CVM5;18;CILINDRO NEUMATICO CON VALVULA;122
;;;CV1;18;CILINDRO NEUMATICO CON VALVULA;122
;;;CVM;18;CILINDRO NEUMATICO CON VALVULA;122
;;;CVT;18;CILINDRO NEUMATICO CON VALVULA;122
;;;CVZ;18;CILINDRO NEUMATICO CON VALVULA;122
;;;MCN;18;CILINDRO NEUMATICO ENGARGOLADO;122
;;;NCM;18;CILINDRO NEUMATICO ENGARGOLADO;122
;;;C65;18;CILINDRO NEUMATICO ENGARGOLADO;122
;;;C75;18;CILINDRO NEUMATICO ENGARGOLADO;122
;;;C76;18;CILINDRO NEUMATICO ENGARGOLADO;122
;;;C82;18;CILINDRO NEUMATICO ENGARGOLADO;122
;;;C85;18;CILINDRO NEUMATICO ENGARGOLADO;122
;;;CJ2;17;CILINDRO NEUMATICO ENGARGOLADO;121
;;;NCJ2;17;CILINDRO NEUMATICO ENGARGOLADO;121
;;;CJ5;17;CILINDRO NEUMATICO ENGARGOLADO;121
;;;CBJ;17;CILINDRO NEUMATICO MINIATURA;121
;;;CJP;17;CILINDRO NEUMATICO MINIATURA;121
;;;CLJ;17;CILINDRO NEUMATICO CON FRENO;121
;;;CVJ3;17;CILINDRO NEUMATICO CON VALVULA;121
;;;CVJ5;17;CILINDRO NEUMATICO CON VALVULA;121
;;;CZ2;17;CILINDRO NEUMATICO ENGARGOLADO;121
;;;C82;17;CILINDRO NEUMATICO ENGARGOLADO;121
;;;AV;16;VALVULA DE ARRANQUE PROGRESIVO;116
;;;AVA;16;VALVULA DE ARRANQUE PROGRESIVO;116
;;;AVL;16;VALVULA DE ARRANQUE PROGRESIVO;116
;;;PA;16;BOMBA DE PROCESO;116
;;;PAF;16;BOMBA DE PROCESO;116
;;;PAX;16;BOMBA DE PROCESO;116
;;;PB;16;BOMBA DE PROCESO;116
;;;PCW;16;CONECTOR ELECTRICO;116
;;;PVQ;16;VALVULA PROPORCIONAL;116
;;;VEA;16;VALVULA PROPORCIONAL;116
;;;VEF;16;VALVULA ELECTRONEUMATICA;116
;;;VEP;16;VALVULA ELECTRONEUMATICA;116
;;;VER;16;VALVULA ELECTRONEUMATICA;116
;;;VEX;16;VALVULA PROPORCIONAL;116
;;;VY;16;VALVULA SOLENOIDE;116
;;;IN313;16;UNIDAD SERIAL;116
;;;EX;16;UNIDAD SERIAL;116
;;;ECC;16;CONTROLADOR;116
;;;VFM;15;VALVULA MECANICA;115
;;;VM;15;VALVULA MECANICA;115
;;;VMG;15;VALVULA MECANICA TIPO PISTOLA;115
;;;VZM;15;VALVULA MECANICA;115
;;;AK;15;VALVULA CHECK;115
;;;AKM;15;VALVULA CHECK;115
;;;VH;15;VALVLA MANUAL;115
;;;VHK;15;VALVLA MANUAL;115
;;;VHS;15;VALVULA MECANICA;115
;;;VSH;15;VALVULA MECANICA;115
;;;VR;15;VALVULA;115
;;;VFA;15;VALVULA NEUMATICA;115
;;;VFSA;15;VALVULA NEUMATICA;115
;;;VGA;15;VALVULA NEUMATICA;115
;;;VJA;15;VALVULA NEUMATICA;115
;;;VPA;15;VALVULA NEUMATICA;115
;;;VSA;15;VALVULA NEUMATICA;115
;;;VTA;15;VALVULA NEUMATICA;115
;;;VZA;15;VALVULA NEUMATICA;115
;;;SYA;15;VALVULA NEUMATICA;115
;;;INA-2;15;VALVULA CHECK;115
;;;XT92;15;VALVULA MECANICA;115
;;;INA-1;15;VALVULA CHECK;115
;;;VCHC;15;VALVULA PARA ALTA PRESION;115
;;;VP7-6;14;VALVULA SOLENOIDE;114
;;;VP7-8;14;VALVULA SOLENOIDE;114
;;;VPN-6;14;VALVULA SOLENOIDE;114
;;;VPN-8;14;VALVULA SOLENOIDE;114
;;;VP4;14;VALVULA SOLENOIDE;114
;;;VPL4;14;VALVULA SOLENOIDE;114
;;;VQ7-6;14;VALVULA SOLENOIDE;114
;;;VQ7-8;14;VALVULA SOLENOIDE;114
;;;VS7-6;14;VALVULA SOLENOIDE;114
;;;VS7-8;14;VALVULA SOLENOIDE;114
;;;VSS8;14;VALVULA SOLENOIDE;114
;;;VSR8;14;VALVULA SOLENOIDE;114
;;;EVS7;14;VALVULA SOLENOIDE;114
;;;VK3;13;VALVULA SOLENOIDE;113
;;;VS4;13;VALVULA SOLENOIDE;113
;;;VSP4;13;VALVULA SOLENOIDE;113
;;;VT4;13;VALVULA SOLENOIDE;113
;;;VTW;13;VALVULA SOLENOIDE;113
;;;V;12;VALVULA SOLENOIDE;112
;;;VF;12;VALVULA SOLENOIDE;112
;;;VFN;12;VALVULA SOLENOIDE;112
;;;VFR;12;VALVULA SOLENOIDE;112
;;;VFS;12;VALVULA SOLENOIDE;112
;;;VJ;11;VALVULA SOLENOIDE;111
;;;VZ;11;VALVULA SOLENOIDE;111
;;;VZS;11;VALVULA SOLENOIDE;111
;;;SX;10;VALVULA SOLENOIDE;110
;;;SY;10;VALVULA SOLENOIDE;110
;;;SYJ;10;VALVULA SOLENOIDE;110
;;;SJ;10;VALVULA SOLENOIDE;110
;;;SV;10;VALVULA SOLENOIDE;110
;;;SZ;10;VALVULA SOLENOIDE;110
;;;S0700;10;VALVULA SOLENOIDE;110
;;;SQ;09;VALVULA SOLENOIDE;109
;;;VQ;09;VALVULA SOLENOIDE;109
;;;VQC;09;VALVULA SOLENOIDE;109
;;;VQD;09;VALVULA SOLENOIDE;109
;;;VQZ;09;VALVULA SOLENOIDE;109
;;;AXT10;09;CABLE PARA VALVULA;109
;;;VFN;08;VALVULA SOLENOIDE;108
;;;VG;08;VALVULA SOLENOIDE;108
;;;VP;08;VALVULA SOLENOIDE;108
;;;VP31;08;VALVULA SOLENOIDE;108
;;;VX3;08;VALVULA DE PROCESO;108
;;;VXA3;08;VALVULA DE PROCESO;108
;;;VXV3;08;VALVULA DE PROCESO;108
;;;DZ3;08;VALVULA SOLENOIDE;108
;;;VDW;08;VALVULA DE PROCESO;108
;;;S070;08;VALVULA SOLENOIDE;108
;;;VCH;08;VALVULA SOLENOIDE;108
;;;LVA;08;VALVULA DE PROCESO;108
;;;LVC;08;VALVULA DE PROCESO;108
;;;LVM;08;VALVULA SOLENOIDE;108
;;;VX334;08;VALVULA DE PROCESO;108
;;;VV061;08;MANIFOLD;108
;;;VCC13;08;VALVULA DE PROCESO;108
;;;VK3;07;VALVULA SOLENOIDE;107
;;;VKF3;07;VALVULA SOLENOIDE;107
;;;VS3;07;VALVULA SOLENOIDE;107
;;;VT3;07;VALVULA SOLENOIDE;107
;;;V0;07;VALVULA SOLENOIDE;107
;;;VJ;06;VALVULA SOLENOIDE;106
;;;VZ;06;VALVULA SOLENOIDE;106
;;;SY;05;VALVULA SOLENOIDE;105
;;;SYJ;05;VALVULA SOLENOIDE;105
;;;V1;05;VALVULA SOLENOIDE;105
;;;VQ;04;VALVULA SOLENOIDE;104
;;;VQZ;04;VALVULA SOLENOIDE;104
;;;ARBQ;04;INTERFASE DE REGULACION;104
;;;VQ1A01;04;VALVULA SOLENOIDE;104
;;;VQZ1M1;04;VALVULA SOLENOIDE;104
;;;VQ31A1;04;VALVULA SOLENOIDE;104
;;;VCA;03;VALVULA DE PROCESO;103
;;;VCB;03;VALVULA DE PROCESO;103
;;;VCL;03;VALVULA DE PROCESO;103
;;;VCS;03;VALVULA DE PROCESO;103
;;;VCW  ;03;VALVULA DE PROCESO;103
;;;LVA;03;VALVULA DE PROCESO;103
;;;LVC;03;VALVULA DE PROCESO;103
;;;LVD;03;VALVULA DE PROCESO;103
;;;LVH;03;VALVULA DE PROCESO;103
;;;LVN;03;VALVULA DE PROCESO;103
;;;LVQ;03;VALVULA DE PROCESO;103
;;;LLB;03;MODULO AIRE LIMPIO;103
;;;VQ;03;VALVULA SOLENOIDE;103
;;;VCH;03;VALVULA DE PROCESO;103
;;;VCC;03;VALVULA DE PROCESO;103
;;;VDW;03;VALVULA DE PROCESO;103
;;;DXT029;03;VALVULA CHECK;103
;;;XT323;03;VALVULA SOLENOIDE;103
;;;VCC12;03;VALVULA DE PROCESO;103
;;;LVM;03;VALVULA SOLENOIDE;103
;;;AXT83;03;VALVULA DE ALTA PRESION;103
;;;SCW;03;VALVULA PARA PINTURA;103
;;;LLA;03;MODULO AIRE LIMPIO;103
;;;SCV;03;VALVULA PARA PINTURA;103
;;;VVM;03;MANIFOLD PARA PINTURA;103
;;;VNA;02;VALVULA DE PROCESO;102
;;;VNB;02;VALVULA DE PROCESO;102
;;;VNC;02;VALVULA DE PROCESO;102
;;;VND;02;VALVULA DE PROCESO;102
;;;VNH;02;VALVULA DE PROCESO;102
;;;SGC;02;VALVULA DE PROCESO;102
;;;VX2;01;VALVULA DE PROCESO;101
;;;VXA2;01;VALVULA DE PROCESO;101
;;;VXD;01;VALVULA DE PROCESO;101
;;;VXF;01;VALVULA DE PROCESO;101
;;;VXFA;01;VALVULA DE PROCESO;101
;;;VXH;01;VALVULA DE PROCESO;101
;;;VXP;01;VALVULA DE PROCESO;101
;;;VXR;01;VALVULA DE PROCESO;101
;;;VXZ;01;VALVULA DE PROCESO;101
;;;VXE;01;VALVULA DE PROCESO;101
;;;VXK;01;VALVULA DE PROCESO;101
;;;VPF;01;VALVULA DE PROCESO;101
;;;FLT;01;COURRIER;906
